contract_group,underlying_asset,traded_contracts_day,traded_contracts_mtd,traded_contracts_ytd,daily_average_mtd,daily_average_ytd,open_interest,fecha,es_total
FUTURES XROLLING STOCK,ITX,0,0,4000,0,38,0,2026-06-02,False
FUTURES STOCK,PUIG,0,0,312,0,3,230,2026-06-02,False
FUTURES STOCK,RED,0,0,194,0,2,64,2026-06-02,False
FUTURES STOCK,REP,10,10,24306,5,231,15391,2026-06-02,False
FUTURES STOCK,ROVI,0,0,129,0,1,2,2026-06-02,False
FUTURES STOCK,SAB,0,0,920,0,9,508,2026-06-02,False
FUTURES STOCK,SAN,0,1,3501864,1,33351,1536948,2026-06-02,False
FUTURES STOCK,SCYR,0,0,34,0,0,0,2026-06-02,False
FUTURES STOCK,SLR,0,0,393,0,4,1,2026-06-02,False
FUTURES STOCK,TEF,0,0,21385,0,204,20210,2026-06-02,False
FUTURES STOCK,UNI,0,0,10,0,0,10,2026-06-02,False
OPTIONS STOCK,REP,50,548,361506,274,3443,754547,2026-06-02,False
OPTIONS STOCK,RED,97,125,8730,63,83,5759,2026-06-02,False
OPTIONS STOCK,ANE,0,0,56,0,1,40,2026-06-02,False
FUTURES STOCK DIVIDEND,SAND,0,0,66472,0,633,25425,2026-06-02,False
FUTURES STOCK DIVIDEND,TEFD,0,0,0,0,0,50,2026-06-02,False
OPTIONS STOCK TOTAL,,39898,68595,6007829,34305,57215,6247339,2026-06-02,True
OPTIONS STOCK,A3M,0,0,416,0,4,437,2026-06-02,False
OPTIONS STOCK,ACS,10,10,6207,5,59,6768,2026-06-02,False
OPTIONS STOCK,ACX,2,69,7227,35,69,5400,2026-06-02,False
OPTIONS STOCK,AENA,160,332,5698,166,54,3211,2026-06-02,False
OPTIONS STOCK,ALM,0,1,22,1,0,29,2026-06-02,False
FUTURES STOCK DIVIDEND,BBVD,0,0,700,0,7,750,2026-06-02,False
FUTURES STOCK DIVIDEND TOTAL,,0,0,69222,0,660,28726,2026-06-02,True
FUTURES STOCK,MTS,0,0,1459,0,14,204,2026-06-02,False
FUTURES STOCK DIVIDEND,GASD,0,0,500,0,5,500,2026-06-02,False
FUTURES STOCK DIVIDEND,IBED,0,0,0,0,0,100,2026-06-02,False
FUTURES STOCK,NTGY,0,0,5140,0,49,5014,2026-06-02,False
FUTURES STOCK,ENG,0,0,7711,0,73,7550,2026-06-02,False
FUTURES MINI IBEX 35,,1917,4642,381578,2321,3634,3849,2026-06-02,False
FUTURES STOCK,ACS,0,5,6058,3,58,1183,2026-06-02,False
FUTURES STOCK,ANA,0,0,257,0,2,75,2026-06-02,False
FUTURES STOCK,AENA,0,0,203,0,2,25,2026-06-02,False
FUTURES STOCK,ACX,0,0,440,0,4,34,2026-06-02,False
FUTURES STOCK,AMS,2,3,1065,2,10,133,2026-06-02,False
FUTURES STOCK TOTAL,,14,65,3762058,35,35829,1644862,2026-06-02,True
FUTURES STOCK,CLNX,0,0,241,0,2,58,2026-06-02,False
OPTIONS INDEX IBEX 35 TOTAL,,150,485,146136,243,1392,69950,2026-06-02,True
FUTURES INDEX IBEX 35 DIVIDEND,,0,0,3375,0,32,3600,2026-06-02,False
OPTIONS INDEX IBEX 35,,150,485,146136,243,1392,69950,2026-06-02,False
FUTURES IBEX 35,,5836,11769,1516185,5885,14440,50707,2026-06-02,False
FUTURES STOCK,CABK,0,0,1492,0,14,323,2026-06-02,False
FUTURES STOCK,COL,0,0,220,0,2,100,2026-06-02,False
FUTURES STOCK,BBVA,0,35,144151,18,1373,39176,2026-06-02,False
FUTURES STOCK,CIE,0,0,1,0,0,1,2026-06-02,False
FUTURES STOCK,ELE,0,0,415,0,4,56,2026-06-02,False
FUTURES STOCK DIVIDEND,REPD,0,0,1550,0,15,1901,2026-06-02,False
FUTURES STOCK,FDR,0,0,2,0,0,0,2026-06-02,False
FUTURES STOCK,FER,0,0,1963,0,19,375,2026-06-02,False
FUTURES STOCK,GRF,0,4,330,2,3,215,2026-06-02,False
FUTURES STOCK,IAG,0,0,600,0,6,40,2026-06-02,False
FUTURES STOCK,IBE,0,0,25976,0,247,7381,2026-06-02,False
FUTURES STOCK,BKT,0,0,812,0,8,116,2026-06-02,False
FUTURES STOCK,IDR,2,7,3126,4,30,341,2026-06-02,False
OPTIONS STOCK,ANA,0,3,1498,2,14,984,2026-06-02,False
OPTIONS STOCK,BKT,5,6,7362,3,70,6968,2026-06-02,False
FUTURES STOCK,MAP,0,0,579,0,6,434,2026-06-02,False
OPTIONS STOCK,SAN,11328,21420,1263181,10710,12030,1084073,2026-06-02,False
FUTURES XROLLING FX,EURGBP,0,0,16,0,0,0,2026-06-02,False
FUTURES XROLLING FX,EURAUD,0,0,35,0,0,0,2026-06-02,False
OPTIONS STOCK,SCYR,0,0,20959,0,200,20680,2026-06-02,False
OPTIONS STOCK,SLR,0,0,10020,0,95,327,2026-06-02,False
OPTIONS STOCK,TEF,14,147,1119321,74,10660,1582381,2026-06-02,False
OPTIONS STOCK,TRE,0,0,1384,0,13,1082,2026-06-02,False
OPTIONS STOCK,UNI,0,0,351,0,3,312,2026-06-02,False
OPTIONS STOCK,VID,1,1,173,1,2,66,2026-06-02,False
OPTIONS STOCK,VIS,3,133,699,67,7,416,2026-06-02,False
FUTURES XROLLING FX TOTAL,,2,4,2244,2,19,2157,2026-06-02,True
OPTIONS STOCK,SAB,107,320,15115,160,144,17083,2026-06-02,False
OPTIONS STOCK,ROVI,1,2,7165,1,68,5693,2026-06-02,False
OPTIONS STOCK,BBVA,63,4886,688031,2443,6553,636760,2026-06-02,False
FUTURES XROLLING FX,EURJPY,0,0,253,0,2,11,2026-06-02,False
FUTURES XROLLING FX,EURUSD,2,4,1322,2,13,2140,2026-06-02,False
FUTURES XROLLING FX,GBPCHF,0,0,9,0,0,0,2026-06-02,False
FUTURES XROLLING FX,GBPUSD,0,0,112,0,1,0,2026-06-02,False
FUTURES XROLLING FX,NZDUSD,0,0,36,0,0,0,2026-06-02,False
FUTURES XROLLING FX,USDCAD,0,0,18,0,0,0,2026-06-02,False
FUTURES XROLLING FX,USDCHF,0,0,235,0,2,4,2026-06-02,False
FUTURES XROLLING FX,USDJPY,0,0,34,0,0,0,2026-06-02,False
FUTURES XROLLING FX,USDMXN,0,0,2,0,0,0,2026-06-02,False
FUTURES XROLLING STOCK TOTAL,,0,0,6000,0,57,0,2026-06-02,True
OPTIONS STOCK,AMS,3054,3080,34145,1540,325,21542,2026-06-02,False
FUTURES STOCK,ITX,0,0,10270,0,98,8664,2026-06-02,False
FUTURES XROLLING FX,EURCHF,0,0,149,0,1,1,2026-06-02,False
OPTIONS STOCK,CIE,0,0,166,0,2,160,2026-06-02,False
FUTURES XROLLING FX,AUDJPY,0,0,6,0,0,0,2026-06-02,False
OPTIONS STOCK,CABK,33,5059,258644,2530,2463,308866,2026-06-02,False
FUTURES XROLLING FX,AUDUSD,0,0,17,0,0,1,2026-06-02,False
OPTIONS STOCK,CLNX,13,126,32545,63,310,30129,2026-06-02,False
OPTIONS STOCK,COL,4,4,8835,2,84,4749,2026-06-02,False
OPTIONS STOCK,EBRO,0,0,46,0,0,28,2026-06-02,False
OPTIONS STOCK,ELE,0,26,7599,13,72,8173,2026-06-02,False
OPTIONS STOCK,ENC,0,0,37,0,0,27,2026-06-02,False
OPTIONS STOCK,ENG,110,170,33104,85,315,35119,2026-06-02,False
OPTIONS STOCK,FER,361,2411,51515,1206,491,37456,2026-06-02,False
OPTIONS STOCK,IAG,16,4585,23546,2293,224,30649,2026-06-02,False
OPTIONS STOCK,IBE,23253,23315,1730805,11658,16484,1457514,2026-06-02,False
OPTIONS STOCK,FCC,0,0,280,0,3,2110,2026-06-02,False
OPTIONS STOCK,ITX,538,852,28479,426,271,35101,2026-06-02,False
OPTIONS STOCK,GRF,48,95,30184,48,287,21587,2026-06-02,False
OPTIONS STOCK,FDR,2,2,994,1,9,943,2026-06-02,False
OPTIONS STOCK,OHLA,0,0,2788,0,27,2121,2026-06-02,False
OPTIONS STOCK,MTS,551,628,4253,314,41,1248,2026-06-02,False
OPTIONS STOCK,IDR,44,96,38338,48,365,5609,2026-06-02,False
OPTIONS STOCK,PUIG,7,10,29693,5,283,32046,2026-06-02,False
OPTIONS STOCK,PHM,9,13,572,7,5,288,2026-06-02,False
OPTIONS STOCK,MAP,0,5,3151,3,30,1737,2026-06-02,False
FUTURES XROLLING STOCK,AMS,0,0,2000,0,19,0,2026-06-02,False
FUTURES INDEX TOTAL,,7753,16411,1901138,8206,18106,58156,2026-06-02,True
OPTIONS STOCK,MRL,0,100,70308,50,670,55027,2026-06-02,False
OPTIONS STOCK,MEL,0,0,1813,0,17,3286,2026-06-02,False
OPTIONS STOCK,NTGY,14,15,90868,8,865,18808,2026-06-02,False
FUTURES STOCK,TEF,0,0,21385,0,202,20210,2026-06-03,False
FUTURES STOCK,CLNX,0,0,241,0,2,58,2026-06-03,False
FUTURES STOCK,UNI,0,0,10,0,0,10,2026-06-03,False
FUTURES STOCK,PUIG,0,0,312,0,3,230,2026-06-03,False
FUTURES STOCK,RED,0,0,194,0,2,64,2026-06-03,False
FUTURES STOCK,REP,5,15,24311,5,229,15396,2026-06-03,False
FUTURES STOCK,ROVI,0,0,129,0,1,2,2026-06-03,False
FUTURES STOCK,SAB,0,0,920,0,9,508,2026-06-03,False
FUTURES STOCK,SAN,0,1,3501864,0,33036,1536948,2026-06-03,False
FUTURES STOCK,SCYR,0,0,34,0,0,0,2026-06-03,False
FUTURES STOCK,SLR,0,0,393,0,4,1,2026-06-03,False
FUTURES STOCK DIVIDEND TOTAL,,0,0,69222,0,654,28726,2026-06-03,True
FUTURES STOCK DIVIDEND,BBVD,0,0,700,0,7,750,2026-06-03,False
FUTURES STOCK DIVIDEND,GASD,0,0,500,0,5,500,2026-06-03,False
FUTURES STOCK DIVIDEND,IBED,0,0,0,0,0,100,2026-06-03,False
OPTIONS STOCK,BKT,1,7,7363,2,69,6968,2026-06-03,False
FUTURES STOCK DIVIDEND,SAND,0,0,66472,0,627,25425,2026-06-03,False
FUTURES STOCK DIVIDEND,TEFD,0,0,0,0,0,50,2026-06-03,False
OPTIONS STOCK TOTAL,,40991,109586,6048820,36527,57063,6282951,2026-06-03,True
OPTIONS STOCK,A3M,0,0,416,0,4,437,2026-06-03,False
OPTIONS STOCK,ACS,2,12,6209,4,59,6770,2026-06-03,False
OPTIONS STOCK,ACX,20,89,7247,30,68,5400,2026-06-03,False
OPTIONS STOCK,AENA,0,332,5698,111,54,3211,2026-06-03,False
OPTIONS STOCK,ALM,0,1,22,0,0,29,2026-06-03,False
FUTURES STOCK,MAP,0,0,579,0,5,434,2026-06-03,False
OPTIONS STOCK,AMS,4,3084,34149,1028,322,21543,2026-06-03,False
FUTURES STOCK DIVIDEND,REPD,0,0,1550,0,15,1901,2026-06-03,False
FUTURES STOCK,AENA,0,0,203,0,2,25,2026-06-03,False
FUTURES MINI IBEX 35,,2444,7086,384022,2362,3623,3834,2026-06-03,False
FUTURES STOCK,NTGY,0,0,5140,0,48,5014,2026-06-03,False
FUTURES STOCK,BKT,0,0,812,0,8,116,2026-06-03,False
FUTURES STOCK,BBVA,10,45,144161,15,1360,39176,2026-06-03,False
FUTURES STOCK,ANA,0,0,257,0,2,75,2026-06-03,False
FUTURES STOCK,AMS,0,3,1065,1,10,133,2026-06-03,False
FUTURES INDEX IBEX 35 DIVIDEND,,0,0,3375,0,32,3600,2026-06-03,False
FUTURES STOCK,ACX,0,0,440,0,4,34,2026-06-03,False
FUTURES STOCK,ACS,0,5,6058,2,57,1183,2026-06-03,False
FUTURES STOCK TOTAL,,15,80,3762073,26,35490,1644867,2026-06-03,True
OPTIONS INDEX IBEX 35,,142,627,146278,209,1380,69995,2026-06-03,False
OPTIONS INDEX IBEX 35 TOTAL,,142,627,146278,209,1380,69995,2026-06-03,True
FUTURES STOCK,CIE,0,0,1,0,0,1,2026-06-03,False
FUTURES STOCK,CABK,0,0,1492,0,14,323,2026-06-03,False
FUTURES STOCK,GRF,0,4,330,1,3,215,2026-06-03,False
FUTURES STOCK,COL,0,0,220,0,2,100,2026-06-03,False
FUTURES STOCK,ELE,0,0,415,0,4,56,2026-06-03,False
FUTURES STOCK,ENG,0,0,7711,0,73,7550,2026-06-03,False
FUTURES STOCK,FDR,0,0,2,0,0,0,2026-06-03,False
FUTURES STOCK,FER,0,0,1963,0,19,375,2026-06-03,False
FUTURES STOCK,IAG,0,0,600,0,6,40,2026-06-03,False
FUTURES STOCK,IBE,0,0,25976,0,245,7381,2026-06-03,False
FUTURES STOCK,IDR,0,7,3126,2,29,341,2026-06-03,False
FUTURES STOCK,ITX,0,0,10270,0,97,8664,2026-06-03,False
FUTURES STOCK,MTS,0,0,1459,0,14,204,2026-06-03,False
OPTIONS STOCK,ANE,0,0,56,0,1,40,2026-06-03,False
OPTIONS STOCK,ANA,0,3,1498,1,14,984,2026-06-03,False
OPTIONS STOCK,RED,29,154,8759,51,83,5768,2026-06-03,False
OPTIONS STOCK,GRF,109,204,30293,68,286,21595,2026-06-03,False
OPTIONS STOCK,SCYR,0,0,20959,0,198,20680,2026-06-03,False
OPTIONS STOCK,SAB,55,375,15170,125,143,17106,2026-06-03,False
OPTIONS STOCK,TRE,5,5,1389,2,13,1082,2026-06-03,False
OPTIONS STOCK,UNI,4,4,355,1,3,316,2026-06-03,False
OPTIONS STOCK,VID,1,2,174,1,2,67,2026-06-03,False
OPTIONS STOCK,VIS,5,138,704,46,7,419,2026-06-03,False
FUTURES XROLLING FX TOTAL,,7,11,2251,3,19,2161,2026-06-03,True
FUTURES XROLLING FX,AUDJPY,0,0,6,0,0,0,2026-06-03,False
FUTURES XROLLING FX,AUDUSD,0,0,17,0,0,1,2026-06-03,False
FUTURES XROLLING FX,EURAUD,0,0,35,0,0,0,2026-06-03,False
OPTIONS STOCK,SAN,10483,31903,1273664,10634,12016,1094378,2026-06-03,False
FUTURES XROLLING FX,EURJPY,1,1,254,0,2,12,2026-06-03,False
OPTIONS STOCK,TEF,610,757,1119931,252,10565,1581889,2026-06-03,False
FUTURES XROLLING FX,GBPCHF,0,0,9,0,0,0,2026-06-03,False
FUTURES XROLLING FX,USDMXN,0,0,2,0,0,0,2026-06-03,False
OPTIONS STOCK,BBVA,6842,11728,694873,3909,6555,643553,2026-06-03,False
FUTURES XROLLING FX,EURGBP,0,0,16,0,0,0,2026-06-03,False
FUTURES IBEX 35,,6258,18027,1522443,6009,14363,51416,2026-06-03,False
FUTURES XROLLING STOCK TOTAL,,0,0,6000,0,57,0,2026-06-03,True
OPTIONS STOCK,SLR,0,0,10020,0,95,327,2026-06-03,False
FUTURES XROLLING FX,USDJPY,0,0,34,0,0,0,2026-06-03,False
FUTURES XROLLING FX,USDCAD,0,0,18,0,0,0,2026-06-03,False
FUTURES XROLLING FX,NZDUSD,0,0,36,0,0,0,2026-06-03,False
FUTURES XROLLING FX,GBPUSD,0,0,112,0,1,0,2026-06-03,False
FUTURES XROLLING FX,USDCHF,0,0,235,0,2,4,2026-06-03,False
FUTURES XROLLING STOCK,AMS,0,0,2000,0,19,0,2026-06-03,False
FUTURES XROLLING FX,EURUSD,5,9,1327,3,13,2144,2026-06-03,False
OPTIONS STOCK,REP,3098,3646,364604,1215,3440,757065,2026-06-03,False
FUTURES XROLLING FX,EURCHF,1,1,150,0,1,0,2026-06-03,False
OPTIONS STOCK,CIE,0,0,166,0,2,160,2026-06-03,False
OPTIONS STOCK,CLNX,8,134,32553,45,307,30131,2026-06-03,False
OPTIONS STOCK,COL,3,7,8838,2,83,4752,2026-06-03,False
OPTIONS STOCK,EBRO,1,1,47,0,0,29,2026-06-03,False
OPTIONS STOCK,ELE,10,36,7609,12,72,8174,2026-06-03,False
OPTIONS STOCK,ENC,0,0,37,0,0,27,2026-06-03,False
OPTIONS STOCK,ENG,7,177,33111,59,312,35124,2026-06-03,False
OPTIONS STOCK,FCC,0,0,280,0,3,2110,2026-06-03,False
OPTIONS STOCK,FDR,0,2,994,1,9,943,2026-06-03,False
OPTIONS STOCK,FER,4217,6628,55732,2209,526,38514,2026-06-03,False
OPTIONS STOCK,ROVI,2,4,7167,1,68,5693,2026-06-03,False
OPTIONS STOCK,IBE,10061,33376,1740866,11125,16423,1467567,2026-06-03,False
OPTIONS STOCK,ITX,3723,4575,32202,1525,304,38746,2026-06-03,False
OPTIONS STOCK,IDR,14,110,38352,37,362,5622,2026-06-03,False
OPTIONS STOCK,MAP,12,17,3163,6,30,1745,2026-06-03,False
OPTIONS STOCK,CABK,19,5078,258663,1693,2440,308879,2026-06-03,False
FUTURES INDEX TOTAL,,8702,25113,1909840,8371,18018,58850,2026-06-03,True
OPTIONS STOCK,IAG,0,4585,23546,1528,222,30649,2026-06-03,False
OPTIONS STOCK,PUIG,1,11,29694,4,280,32046,2026-06-03,False
OPTIONS STOCK,PHM,2,15,574,5,5,288,2026-06-03,False
FUTURES XROLLING STOCK,ITX,0,0,4000,0,38,0,2026-06-03,False
OPTIONS STOCK,NTGY,1503,1518,92371,506,871,20309,2026-06-03,False
OPTIONS STOCK,MTS,135,763,4388,254,41,1377,2026-06-03,False
OPTIONS STOCK,MRL,0,100,70308,33,663,55027,2026-06-03,False
OPTIONS STOCK,MEL,5,5,1818,2,17,3291,2026-06-03,False
OPTIONS STOCK,OHLA,0,0,2788,0,26,2121,2026-06-03,False
FUTURES XROLLING FX,EURUSD,0,9,1327,2,12,2144,2026-06-04,False
FUTURES XROLLING FX,GBPCHF,0,0,9,0,0,0,2026-06-04,False
OPTIONS STOCK,ROVI,2,6,7169,2,67,5693,2026-06-04,False
FUTURES XROLLING FX,GBPUSD,0,0,112,0,1,0,2026-06-04,False
FUTURES XROLLING FX,NZDUSD,0,0,36,0,0,0,2026-06-04,False
FUTURES XROLLING FX,USDCHF,0,0,235,0,2,4,2026-06-04,False
FUTURES XROLLING FX,USDJPY,0,0,34,0,0,0,2026-06-04,False
FUTURES XROLLING FX,USDMXN,0,0,2,0,0,0,2026-06-04,False
FUTURES XROLLING STOCK TOTAL,,0,0,6000,0,56,0,2026-06-04,True
FUTURES XROLLING FX,EURJPY,0,1,254,0,2,12,2026-06-04,False
FUTURES XROLLING FX,USDCAD,0,0,18,0,0,0,2026-06-04,False
FUTURES XROLLING FX,EURGBP,0,0,16,0,0,0,2026-06-04,False
OPTIONS STOCK,VID,0,2,174,1,2,67,2026-06-04,False
FUTURES XROLLING FX,EURCHF,0,1,150,0,1,0,2026-06-04,False
FUTURES XROLLING FX,AUDJPY,0,0,6,0,0,0,2026-06-04,False
OPTIONS STOCK,ANE,0,0,56,0,1,40,2026-06-04,False
OPTIONS STOCK,VIS,2,140,706,35,7,419,2026-06-04,False
OPTIONS STOCK,UNI,0,4,355,1,3,316,2026-06-04,False
OPTIONS STOCK,TRE,10,15,1399,4,13,1092,2026-06-04,False
OPTIONS STOCK,TEF,238,995,1120169,249,10469,1582113,2026-06-04,False
OPTIONS STOCK,SLR,0,0,10020,0,94,327,2026-06-04,False
OPTIONS STOCK,SCYR,40,40,20999,10,196,20680,2026-06-04,False
OPTIONS STOCK,SAN,31,31934,1273695,7984,11904,1094379,2026-06-04,False
OPTIONS STOCK,SAB,32,407,15202,102,142,17108,2026-06-04,False
FUTURES XROLLING STOCK,ITX,0,0,4000,0,37,0,2026-06-04,False
OPTIONS STOCK,BBVA,541,12269,695414,3067,6499,644091,2026-06-04,False
FUTURES XROLLING FX TOTAL,,0,11,2251,2,18,2161,2026-06-04,True
OPTIONS STOCK,OHLA,0,0,2788,0,26,2121,2026-06-04,False
OPTIONS STOCK,RED,100,254,8859,64,83,5740,2026-06-04,False
FUTURES XROLLING FX,EURAUD,0,0,35,0,0,0,2026-06-04,False
OPTIONS STOCK,BKT,0,7,7363,2,69,6968,2026-06-04,False
OPTIONS STOCK,IAG,41,4626,23587,1157,220,30682,2026-06-04,False
OPTIONS STOCK,MEL,0,5,1818,1,17,3291,2026-06-04,False
OPTIONS STOCK,PHM,5,20,579,5,5,293,2026-06-04,False
OPTIONS STOCK,IDR,7,117,38359,29,358,5626,2026-06-04,False
OPTIONS STOCK,NTGY,2,1520,92373,380,863,20311,2026-06-04,False
OPTIONS STOCK,MRL,3,103,70311,26,657,55028,2026-06-04,False
OPTIONS STOCK,MTS,2,765,4390,191,41,1377,2026-06-04,False
OPTIONS STOCK,MAP,2,19,3165,5,30,1745,2026-06-04,False
OPTIONS STOCK,ITX,534,5109,32736,1277,306,38749,2026-06-04,False
OPTIONS STOCK,FDR,0,2,994,1,9,943,2026-06-04,False
OPTIONS STOCK,FER,0,6628,55732,1657,521,38514,2026-06-04,False
OPTIONS STOCK,COL,1,8,8839,2,83,4753,2026-06-04,False
OPTIONS STOCK,FCC,0,0,280,0,3,2110,2026-06-04,False
OPTIONS STOCK,ENG,4,181,33115,45,309,35124,2026-06-04,False
OPTIONS STOCK,ENC,0,0,37,0,0,27,2026-06-04,False
OPTIONS STOCK,ELE,15,51,7624,13,71,8180,2026-06-04,False
OPTIONS STOCK,EBRO,0,1,47,0,0,29,2026-06-04,False
OPTIONS STOCK,CLNX,10,144,32563,36,304,30141,2026-06-04,False
OPTIONS STOCK,CIE,0,0,166,0,2,160,2026-06-04,False
OPTIONS STOCK,CABK,6,5084,258669,1271,2417,308885,2026-06-04,False
OPTIONS STOCK,PUIG,975,986,30669,247,287,32481,2026-06-04,False
OPTIONS STOCK,GRF,83,287,30376,72,284,21550,2026-06-04,False
OPTIONS STOCK,REP,3138,6784,367742,1696,3437,757059,2026-06-04,False
OPTIONS STOCK,IBE,1037,34413,1741903,8603,16279,1468568,2026-06-04,False
FUTURES XROLLING FX,AUDUSD,0,0,17,0,0,1,2026-06-04,False
FUTURES STOCK,ITX,6,6,10276,2,96,8659,2026-06-04,False
OPTIONS STOCK,AMS,14,3098,34163,775,319,21553,2026-06-04,False
FUTURES STOCK,TEF,0,0,21385,0,200,20210,2026-06-04,False
OPTIONS STOCK,ACS,7,19,6216,5,58,6765,2026-06-04,False
OPTIONS STOCK,A3M,0,0,416,0,4,437,2026-06-04,False
OPTIONS STOCK TOTAL,,6897,116483,6055717,29126,56594,6285159,2026-06-04,True
FUTURES STOCK DIVIDEND,TEFD,0,0,0,0,0,50,2026-06-04,False
FUTURES STOCK DIVIDEND,SAND,0,0,66472,0,621,25425,2026-06-04,False
FUTURES STOCK DIVIDEND,REPD,0,0,1550,0,14,1901,2026-06-04,False
FUTURES STOCK DIVIDEND,IBED,0,0,0,0,0,100,2026-06-04,False
FUTURES STOCK DIVIDEND,GASD,0,0,500,0,5,500,2026-06-04,False
FUTURES STOCK DIVIDEND,BBVD,0,0,700,0,7,750,2026-06-04,False
OPTIONS STOCK,ALM,0,1,22,0,0,29,2026-06-04,False
FUTURES STOCK,IDR,0,7,3126,2,29,341,2026-06-04,False
FUTURES STOCK DIVIDEND TOTAL,,0,0,69222,0,647,28726,2026-06-04,True
FUTURES STOCK,SLR,0,0,393,0,4,1,2026-06-04,False
FUTURES STOCK,RED,0,0,194,0,2,64,2026-06-04,False
FUTURES STOCK,MAP,0,0,579,0,5,434,2026-06-04,False
FUTURES STOCK,UNI,0,0,10,0,0,10,2026-06-04,False
FUTURES XROLLING STOCK,AMS,0,0,2000,0,19,0,2026-06-04,False
FUTURES STOCK,PUIG,0,0,312,0,3,230,2026-06-04,False
FUTURES STOCK,NTGY,0,0,5140,0,48,5014,2026-06-04,False
FUTURES STOCK,REP,0,15,24311,4,227,15396,2026-06-04,False
FUTURES STOCK,ROVI,0,0,129,0,1,2,2026-06-04,False
FUTURES STOCK,SAB,0,0,920,0,9,508,2026-06-04,False
FUTURES STOCK,SAN,0,1,3501864,0,32728,1536948,2026-06-04,False
OPTIONS STOCK,ACX,1,90,7248,23,68,5399,2026-06-04,False
FUTURES STOCK,MTS,0,0,1459,0,14,204,2026-06-04,False
FUTURES STOCK,SCYR,0,0,34,0,0,0,2026-06-04,False
OPTIONS STOCK,AENA,14,346,5712,87,53,3212,2026-06-04,False
FUTURES STOCK,IAG,0,0,600,0,6,40,2026-06-04,False
FUTURES STOCK,FER,0,0,1963,0,18,375,2026-06-04,False
FUTURES STOCK,FDR,0,0,2,0,0,0,2026-06-04,False
FUTURES STOCK,ENG,0,0,7711,0,72,7550,2026-06-04,False
FUTURES STOCK,ELE,0,0,415,0,4,56,2026-06-04,False
FUTURES STOCK,COL,0,0,220,0,2,100,2026-06-04,False
FUTURES STOCK,CLNX,0,0,241,0,2,58,2026-06-04,False
FUTURES STOCK,GRF,0,4,330,1,3,215,2026-06-04,False
FUTURES STOCK,CABK,0,0,1492,0,14,323,2026-06-04,False
FUTURES STOCK,BKT,0,0,812,0,8,116,2026-06-04,False
FUTURES STOCK,IBE,0,0,25976,0,243,7381,2026-06-04,False
FUTURES STOCK,BBVA,0,45,144161,11,1347,39176,2026-06-04,False
FUTURES STOCK,CIE,0,0,1,0,0,1,2026-06-04,False
FUTURES STOCK,AENA,0,0,203,0,2,25,2026-06-04,False
FUTURES STOCK,AMS,2,5,1067,1,10,133,2026-06-04,False
FUTURES STOCK,ANA,0,0,257,0,2,75,2026-06-04,False
FUTURES INDEX TOTAL,,6984,32097,1916824,8025,17915,58045,2026-06-04,True
FUTURES IBEX 35,,4828,22855,1527271,5714,14274,50746,2026-06-04,False
FUTURES MINI IBEX 35,,2156,9242,386178,2311,3609,3699,2026-06-04,False
OPTIONS STOCK,ANA,0,3,1498,1,14,984,2026-06-04,False
OPTIONS INDEX IBEX 35 TOTAL,,146,773,146424,193,1368,70074,2026-06-04,True
OPTIONS INDEX IBEX 35,,146,773,146424,193,1368,70074,2026-06-04,False
FUTURES STOCK TOTAL,,8,88,3762081,22,35160,1644862,2026-06-04,True
FUTURES STOCK,ACS,0,5,6058,1,57,1183,2026-06-04,False
FUTURES STOCK,ACX,0,0,440,0,4,34,2026-06-04,False
FUTURES INDEX IBEX 35 DIVIDEND,,0,0,3375,0,32,3600,2026-06-04,False
FUTURES STOCK,ACS,0,5,6058,1,56,1183,2026-06-05,False
FUTURES STOCK TOTAL,,372,460,3762453,92,34839,1644721,2026-06-05,True
OPTIONS INDEX IBEX 35,,259,1032,146683,206,1358,69973,2026-06-05,False
OPTIONS INDEX IBEX 35 TOTAL,,259,1032,146683,206,1358,69973,2026-06-05,True
FUTURES IBEX 35,,6177,29032,1533448,5806,14199,51952,2026-06-05,False
FUTURES MINI IBEX 35,,3052,12294,389230,2459,3604,3650,2026-06-05,False
FUTURES INDEX TOTAL,,9254,41351,1926078,8270,17834,59227,2026-06-05,True
FUTURES XROLLING STOCK,AMS,0,0,2000,0,19,0,2026-06-05,False
FUTURES STOCK,AMS,0,5,1067,1,10,133,2026-06-05,False
FUTURES INDEX IBEX 35 DIVIDEND,,25,25,3400,5,31,3625,2026-06-05,False
FUTURES STOCK,ACX,0,0,440,0,4,34,2026-06-05,False
FUTURES STOCK,FER,0,0,1963,0,18,375,2026-06-05,False
FUTURES STOCK,ANA,0,0,257,0,2,75,2026-06-05,False
FUTURES STOCK,IAG,0,0,600,0,6,40,2026-06-05,False
FUTURES STOCK,BBVA,90,135,144251,27,1336,39186,2026-06-05,False
FUTURES STOCK,BKT,0,0,812,0,8,116,2026-06-05,False
FUTURES STOCK,CABK,0,0,1492,0,14,323,2026-06-05,False
FUTURES STOCK,CIE,0,0,1,0,0,1,2026-06-05,False
FUTURES STOCK,CLNX,0,0,241,0,2,58,2026-06-05,False
FUTURES STOCK,COL,0,0,220,0,2,100,2026-06-05,False
FUTURES STOCK,ELE,0,0,415,0,4,56,2026-06-05,False
FUTURES STOCK,ENG,0,0,7711,0,71,7550,2026-06-05,False
FUTURES STOCK,FDR,0,0,2,0,0,0,2026-06-05,False
FUTURES STOCK,IBE,19,19,25995,4,241,7381,2026-06-05,False
FUTURES STOCK,AENA,0,0,203,0,2,25,2026-06-05,False
FUTURES STOCK,IDR,3,10,3129,2,29,340,2026-06-05,False
FUTURES STOCK,UNI,0,0,10,0,0,10,2026-06-05,False
OPTIONS STOCK,AENA,9,355,5721,71,53,3207,2026-06-05,False
FUTURES STOCK,GRF,0,4,330,1,3,215,2026-06-05,False
FUTURES XROLLING STOCK,ITX,0,0,4000,0,37,0,2026-06-05,False
OPTIONS STOCK,ANA,5,8,1503,2,14,989,2026-06-05,False
FUTURES STOCK,MTS,4,4,1463,1,14,204,2026-06-05,False
FUTURES STOCK,NTGY,0,0,5140,0,48,5014,2026-06-05,False
FUTURES STOCK,PUIG,0,0,312,0,3,230,2026-06-05,False
FUTURES STOCK,RED,0,0,194,0,2,64,2026-06-05,False
FUTURES STOCK,REP,0,15,24311,3,225,15396,2026-06-05,False
FUTURES STOCK,ROVI,0,0,129,0,1,2,2026-06-05,False
FUTURES STOCK,SAB,0,0,920,0,9,508,2026-06-05,False
FUTURES STOCK,SAN,151,152,3502015,30,32426,1536798,2026-06-05,False
FUTURES STOCK,SCYR,0,0,34,0,0,0,2026-06-05,False
FUTURES STOCK,SLR,0,0,393,0,4,1,2026-06-05,False
FUTURES STOCK,TEF,100,100,21485,20,199,20210,2026-06-05,False
FUTURES STOCK DIVIDEND TOTAL,,0,0,69222,0,640,28726,2026-06-05,True
FUTURES STOCK DIVIDEND,BBVD,0,0,700,0,6,750,2026-06-05,False
FUTURES STOCK DIVIDEND,GASD,0,0,500,0,5,500,2026-06-05,False
FUTURES STOCK DIVIDEND,IBED,0,0,0,0,0,100,2026-06-05,False
FUTURES STOCK DIVIDEND,REPD,0,0,1550,0,14,1901,2026-06-05,False
FUTURES STOCK DIVIDEND,SAND,0,0,66472,0,615,25425,2026-06-05,False
FUTURES STOCK DIVIDEND,TEFD,0,0,0,0,0,50,2026-06-05,False
OPTIONS STOCK TOTAL,,77700,194183,6133417,38834,56792,6332765,2026-06-05,True
OPTIONS STOCK,A3M,150,150,566,30,5,404,2026-06-05,False
OPTIONS STOCK,ACS,2,21,6218,4,58,6766,2026-06-05,False
OPTIONS STOCK,ACX,30,120,7278,24,67,5419,2026-06-05,False
OPTIONS STOCK,ALM,0,1,22,0,0,29,2026-06-05,False
OPTIONS STOCK,AMS,11,3109,34174,622,316,19020,2026-06-05,False
FUTURES STOCK,ITX,5,11,10281,2,95,8659,2026-06-05,False
OPTIONS STOCK,ANE,0,0,56,0,1,40,2026-06-05,False
OPTIONS STOCK,GRF,43,330,30419,66,282,21590,2026-06-05,False
OPTIONS STOCK,CABK,9518,14602,268187,2920,2483,308886,2026-06-05,False
OPTIONS STOCK,CIE,0,0,166,0,2,160,2026-06-05,False
OPTIONS STOCK,CLNX,4,148,32567,30,302,30139,2026-06-05,False
OPTIONS STOCK,COL,100,108,8939,22,83,4853,2026-06-05,False
OPTIONS STOCK,EBRO,0,1,47,0,0,29,2026-06-05,False
OPTIONS STOCK,ELE,0,51,7624,10,71,8180,2026-06-05,False
OPTIONS STOCK,ENC,0,0,37,0,0,27,2026-06-05,False
OPTIONS STOCK,ENG,5,186,33120,37,307,35127,2026-06-05,False
OPTIONS STOCK,FCC,0,0,280,0,3,2110,2026-06-05,False
OPTIONS STOCK,FDR,0,2,994,0,9,943,2026-06-05,False
OPTIONS STOCK,FER,1,6629,55733,1326,516,38513,2026-06-05,False
OPTIONS STOCK,BKT,0,7,7363,1,68,6968,2026-06-05,False
OPTIONS STOCK,IAG,31,4657,23618,931,219,30651,2026-06-05,False
OPTIONS STOCK,MRL,10,113,70321,23,651,55024,2026-06-05,False
OPTIONS STOCK,PUIG,286,1272,30955,254,287,32765,2026-06-05,False
OPTIONS STOCK,PHM,5,25,584,5,5,297,2026-06-05,False
OPTIONS STOCK,OHLA,0,0,2788,0,26,2121,2026-06-05,False
OPTIONS STOCK,MTS,60,825,4450,165,41,1428,2026-06-05,False
OPTIONS STOCK,NTGY,62,1582,92435,316,856,20329,2026-06-05,False
OPTIONS STOCK,MEL,0,5,1818,1,17,3291,2026-06-05,False
OPTIONS STOCK,MAP,0,19,3165,4,29,1745,2026-06-05,False
OPTIONS STOCK,ITX,200,5309,32936,1062,305,38837,2026-06-05,False
OPTIONS STOCK,IDR,12,129,38371,26,355,5614,2026-06-05,False
FUTURES STOCK,MAP,0,0,579,0,5,434,2026-06-05,False
OPTIONS STOCK,RED,3,257,8862,51,82,5741,2026-06-05,False
FUTURES XROLLING STOCK TOTAL,,0,0,6000,0,56,0,2026-06-05,True
OPTIONS STOCK,IBE,20037,54450,1761940,10890,16314,1473563,2026-06-05,False
OPTIONS STOCK,ROVI,0,6,7169,1,66,5693,2026-06-05,False
OPTIONS STOCK,REP,4221,11005,371963,2201,3444,759328,2026-06-05,False
OPTIONS STOCK,SAB,150,557,15352,111,142,17058,2026-06-05,False
OPTIONS STOCK,SAN,13435,45369,1287130,9074,11918,1107667,2026-06-05,False
OPTIONS STOCK,SCYR,0,40,20999,8,194,20680,2026-06-05,False
OPTIONS STOCK,SLR,0,0,10020,0,93,327,2026-06-05,False
OPTIONS STOCK,TEF,18132,19127,1138301,3825,10540,1600245,2026-06-05,False
OPTIONS STOCK,TRE,0,15,1399,3,13,1092,2026-06-05,False
OPTIONS STOCK,VID,0,2,174,0,2,67,2026-06-05,False
OPTIONS STOCK,VIS,0,140,706,28,7,419,2026-06-05,False
FUTURES XROLLING FX TOTAL,,32,43,2283,8,19,2191,2026-06-05,True
FUTURES XROLLING FX,AUDJPY,0,0,6,0,0,0,2026-06-05,False
FUTURES XROLLING FX,AUDUSD,0,0,17,0,0,1,2026-06-05,False
OPTIONS STOCK,UNI,0,4,355,1,3,316,2026-06-05,False
FUTURES XROLLING FX,EURCHF,0,1,150,0,1,0,2026-06-05,False
FUTURES XROLLING FX,EURAUD,0,0,35,0,0,0,2026-06-05,False
FUTURES XROLLING FX,USDMXN,0,0,2,0,0,0,2026-06-05,False
FUTURES XROLLING FX,USDJPY,2,2,36,0,0,0,2026-06-05,False
FUTURES XROLLING FX,USDCHF,0,0,235,0,2,4,2026-06-05,False
FUTURES XROLLING FX,USDCAD,0,0,18,0,0,0,2026-06-05,False
FUTURES XROLLING FX,NZDUSD,0,0,36,0,0,0,2026-06-05,False
OPTIONS STOCK,BBVA,11178,23447,706592,4689,6543,655068,2026-06-05,False
FUTURES XROLLING FX,GBPCHF,0,0,9,0,0,0,2026-06-05,False
FUTURES XROLLING FX,EURUSD,30,39,1357,8,13,2174,2026-06-05,False
FUTURES XROLLING FX,EURJPY,0,1,254,0,2,12,2026-06-05,False
FUTURES XROLLING FX,EURGBP,0,0,16,0,0,0,2026-06-05,False
FUTURES XROLLING FX,GBPUSD,0,0,112,0,1,0,2026-06-05,False
OPTIONS STOCK,IBE,8113,62563,1770053,10427,16239,1467470,2026-06-08,False
OPTIONS STOCK,IDR,207,336,38578,56,354,5708,2026-06-08,False
OPTIONS STOCK,ITX,4,5313,32940,886,302,38837,2026-06-08,False
OPTIONS STOCK,MAP,0,19,3165,3,29,1745,2026-06-08,False
OPTIONS STOCK,MEL,2,7,1820,1,17,3293,2026-06-08,False
OPTIONS STOCK,NTGY,0,1582,92435,264,848,20329,2026-06-08,False
OPTIONS STOCK,MTS,24,849,4474,142,41,1451,2026-06-08,False
OPTIONS STOCK,OHLA,0,0,2788,0,26,2121,2026-06-08,False
OPTIONS STOCK,PHM,7,32,591,5,5,301,2026-06-08,False
OPTIONS STOCK,PUIG,1167,2439,32122,407,295,33844,2026-06-08,False
OPTIONS STOCK,MRL,2,115,70323,19,645,55024,2026-06-08,False
OPTIONS STOCK,IAG,40,4697,23658,783,217,30666,2026-06-08,False
OPTIONS STOCK,BKT,0,7,7363,1,68,6968,2026-06-08,False
OPTIONS STOCK,FER,2030,8659,57763,1443,530,39518,2026-06-08,False
OPTIONS STOCK,FDR,5,7,999,1,9,948,2026-06-08,False
OPTIONS STOCK,FCC,0,0,280,0,3,2110,2026-06-08,False
OPTIONS STOCK,ENG,50,236,33170,39,304,35089,2026-06-08,False
OPTIONS STOCK,ENC,0,0,37,0,0,27,2026-06-08,False
OPTIONS STOCK,ELE,1,52,7625,9,70,8181,2026-06-08,False
OPTIONS STOCK,EBRO,0,1,47,0,0,29,2026-06-08,False
OPTIONS STOCK,COL,0,108,8939,18,82,4853,2026-06-08,False
OPTIONS STOCK,CLNX,0,148,32567,25,299,30139,2026-06-08,False
OPTIONS STOCK,CIE,0,0,166,0,2,160,2026-06-08,False
OPTIONS STOCK,CABK,11,14613,268198,2436,2461,299367,2026-06-08,False
OPTIONS STOCK,GRF,21,351,30440,59,279,21610,2026-06-08,False
OPTIONS STOCK,RED,1,258,8863,43,81,5742,2026-06-08,False
FUTURES XROLLING FX,AUDJPY,0,0,6,0,0,0,2026-06-08,False
OPTIONS STOCK,ROVI,3,9,7172,2,66,5692,2026-06-08,False
OPTIONS STOCK,BBVA,764,24211,707356,4035,6490,655607,2026-06-08,False
FUTURES XROLLING FX,USDMXN,0,0,2,0,0,0,2026-06-08,False
FUTURES XROLLING FX,USDJPY,0,2,36,0,0,0,2026-06-08,False
FUTURES XROLLING FX,USDCHF,0,0,235,0,2,4,2026-06-08,False
FUTURES XROLLING FX,USDCAD,0,0,18,0,0,0,2026-06-08,False
FUTURES XROLLING FX,NZDUSD,0,0,36,0,0,0,2026-06-08,False
FUTURES XROLLING FX,GBPUSD,0,0,112,0,1,0,2026-06-08,False
FUTURES XROLLING FX,GBPCHF,0,0,9,0,0,0,2026-06-08,False
FUTURES XROLLING FX,EURUSD,25,64,1382,11,13,2199,2026-06-08,False
FUTURES XROLLING FX,EURJPY,0,1,254,0,2,12,2026-06-08,False
FUTURES XROLLING FX,EURGBP,0,0,16,0,0,0,2026-06-08,False
FUTURES XROLLING FX,EURCHF,0,1,150,0,1,0,2026-06-08,False
FUTURES XROLLING FX,EURAUD,0,0,35,0,0,0,2026-06-08,False
FUTURES XROLLING FX,AUDUSD,0,0,17,0,0,1,2026-06-08,False
FUTURES XROLLING STOCK TOTAL,,0,0,6000,0,55,0,2026-06-08,True
FUTURES XROLLING FX TOTAL,,25,68,2308,11,19,2216,2026-06-08,True
OPTIONS STOCK,VIS,1,141,707,24,6,420,2026-06-08,False
OPTIONS STOCK,VID,0,2,174,0,2,67,2026-06-08,False
OPTIONS STOCK,UNI,0,4,355,1,3,316,2026-06-08,False
OPTIONS STOCK,TRE,0,15,1399,3,13,1092,2026-06-08,False
OPTIONS STOCK,TEF,506,19633,1138807,3272,10448,1600653,2026-06-08,False
OPTIONS STOCK,SLR,10,10,10030,2,92,337,2026-06-08,False
OPTIONS STOCK,SCYR,0,40,20999,7,193,20680,2026-06-08,False
OPTIONS STOCK,SAN,150179,195548,1437309,32591,13186,1240525,2026-06-08,False
OPTIONS STOCK,SAB,153,710,15505,118,142,17155,2026-06-08,False
OPTIONS STOCK,REP,483,11488,372446,1915,3417,758333,2026-06-08,False
OPTIONS STOCK,ANE,0,0,56,0,1,40,2026-06-08,False
FUTURES STOCK,MAP,0,0,579,0,5,434,2026-06-08,False
OPTIONS STOCK,AMS,56,3165,34230,528,314,19043,2026-06-08,False
FUTURES STOCK,GRF,0,4,330,1,3,215,2026-06-08,False
FUTURES STOCK,FER,0,0,1963,0,18,375,2026-06-08,False
FUTURES STOCK,FDR,0,0,2,0,0,0,2026-06-08,False
FUTURES STOCK,ENG,0,0,7711,0,71,7550,2026-06-08,False
FUTURES STOCK,ELE,2,2,417,0,4,56,2026-06-08,False
FUTURES STOCK,COL,0,0,220,0,2,100,2026-06-08,False
FUTURES STOCK,CLNX,0,0,241,0,2,58,2026-06-08,False
FUTURES STOCK,CIE,0,0,1,0,0,1,2026-06-08,False
FUTURES STOCK,CABK,0,0,1492,0,14,323,2026-06-08,False
FUTURES STOCK,BKT,0,0,812,0,7,116,2026-06-08,False
FUTURES STOCK,BBVA,0,135,144251,23,1323,39186,2026-06-08,False
FUTURES STOCK,IAG,10,10,610,2,6,40,2026-06-08,False
FUTURES STOCK,ANA,0,0,257,0,2,75,2026-06-08,False
FUTURES STOCK,AENA,0,0,203,0,2,25,2026-06-08,False
FUTURES STOCK,ACX,0,0,440,0,4,34,2026-06-08,False
FUTURES STOCK,ACS,0,5,6058,1,56,1183,2026-06-08,False
FUTURES STOCK TOTAL,,48,508,3762501,85,34518,1644699,2026-06-08,True
OPTIONS INDEX IBEX 35,,235,1267,146918,211,1348,70102,2026-06-08,False
OPTIONS INDEX IBEX 35 TOTAL,,235,1267,146918,211,1348,70102,2026-06-08,True
FUTURES INDEX IBEX 35 DIVIDEND,,0,25,3400,4,31,3625,2026-06-08,False
FUTURES MINI IBEX 35,,2885,15179,392115,2530,3597,3685,2026-06-08,False
FUTURES IBEX 35,,7822,36854,1541270,6142,14140,51919,2026-06-08,False
FUTURES INDEX TOTAL,,10707,52058,1936785,8676,17768,59229,2026-06-08,True
FUTURES XROLLING STOCK,AMS,0,0,2000,0,18,0,2026-06-08,False
FUTURES STOCK,AMS,2,7,1069,1,10,133,2026-06-08,False
FUTURES STOCK,IBE,0,19,25995,3,238,7381,2026-06-08,False
FUTURES STOCK,IDR,4,14,3133,2,29,338,2026-06-08,False
FUTURES STOCK,ITX,20,31,10301,5,95,8649,2026-06-08,False
OPTIONS STOCK,ALM,0,1,22,0,0,29,2026-06-08,False
OPTIONS STOCK,AENA,4,359,5725,60,53,3211,2026-06-08,False
OPTIONS STOCK,ACX,22,142,7300,24,67,5441,2026-06-08,False
OPTIONS STOCK,ACS,6,27,6224,5,57,6770,2026-06-08,False
OPTIONS STOCK,A3M,0,150,566,25,5,404,2026-06-08,False
OPTIONS STOCK TOTAL,,163874,358057,6297291,59681,57775,6452335,2026-06-08,True
FUTURES STOCK DIVIDEND,TEFD,0,0,0,0,0,50,2026-06-08,False
FUTURES STOCK DIVIDEND,SAND,0,0,66472,0,610,25425,2026-06-08,False
FUTURES STOCK DIVIDEND,REPD,0,0,1550,0,14,1901,2026-06-08,False
FUTURES STOCK DIVIDEND,IBED,0,0,0,0,0,100,2026-06-08,False
FUTURES STOCK DIVIDEND,GASD,0,0,500,0,5,500,2026-06-08,False
FUTURES STOCK DIVIDEND,BBVD,0,0,700,0,6,750,2026-06-08,False
FUTURES STOCK DIVIDEND TOTAL,,0,0,69222,0,635,28726,2026-06-08,True
FUTURES STOCK,UNI,0,0,10,0,0,10,2026-06-08,False
FUTURES STOCK,TEF,0,100,21485,17,197,20210,2026-06-08,False
FUTURES STOCK,SLR,0,0,393,0,4,1,2026-06-08,False
FUTURES STOCK,SCYR,0,0,34,0,0,0,2026-06-08,False
FUTURES STOCK,SAN,0,152,3502015,25,32129,1536798,2026-06-08,False
FUTURES STOCK,SAB,0,0,920,0,8,508,2026-06-08,False
FUTURES STOCK,ROVI,0,0,129,0,1,2,2026-06-08,False
FUTURES STOCK,REP,10,25,24321,4,223,15386,2026-06-08,False
FUTURES STOCK,RED,0,0,194,0,2,64,2026-06-08,False
FUTURES STOCK,PUIG,0,0,312,0,3,230,2026-06-08,False
FUTURES STOCK,NTGY,0,0,5140,0,47,5014,2026-06-08,False
FUTURES STOCK,MTS,0,4,1463,1,13,204,2026-06-08,False
OPTIONS STOCK,ANA,2,10,1505,2,14,990,2026-06-08,False
FUTURES XROLLING STOCK,ITX,0,0,4000,0,37,0,2026-06-08,False
